MSA,Year,Percent With A Disability
"Atlanta-Sandy Springs-Marietta, GA ",2010,9.1
"Augusta-Richmond County, GA-SC ",2010,14.5
"Austin-Round Rock-San Marcos, TX ",2010,9.1
"Baltimore-Towson, MD ",2010,10.9
"Birmingham-Hoover, AL ",2010,15.3
"Boston-Cambridge-Quincy, MA-NH ",2010,9.7
"Buffalo-Niagara Falls, NY ",2010,12.7
"Charlotte-Gastonia-Rock Hill, NC-SC ",2010,10
"Charlottesville, VA ",2010,10.4
"Chicago-Joliet-Naperville, IL-IN-WI ",2010,9.3
"Cincinnati-Middletown, OH-KY-IN ",2010,11.9
"Cleveland, TN ",2010,19.9
"Cleveland-Elyria-Mentor, OH ",2010,13
"Columbus, GA-AL ",2010,18.6
"Columbus, IN ",2010,10.8
"Columbus, OH ",2010,11.5
"Dallas-Fort Worth-Arlington, TX ",2010,9.2
"Denver-Aurora-Broomfield, CO ",2010,9
"Detroit-Warren-Livonia, MI ",2010,13.7
"Fresno, CA ",2010,10.8
"Houston-Sugar Land-Baytown, TX ",2010,9.2
"Indianapolis-Carmel, IN ",2010,10.6
"Jacksonville, FL ",2010,11.7
"Jacksonville, NC ",2010,13.8
"Kansas City, MO-KS ",2010,10.9
"Las Vegas-Paradise, NV ",2010,9.9
"Los Angeles-Long Beach-Santa Ana, CA ",2010,8.8
"Louisville/Jefferson County, KY-IN ",2010,13.9
"Memphis, TN-MS-AR ",2010,12.9
"Miami-Fort Lauderdale-Pompano Beach, FL ",2010,10.9
"Milwaukee-Waukesha-West Allis, WI ",2010,10.8
"Minneapolis-St. Paul-Bloomington, MN-WI ",2010,8.9
"Nashville-Davidson--Murfreesboro--Franklin, TN ",2010,11.4
"New York-Northern New Jersey-Long Island, NY-NJ-PA ",2010,9.3
"Oklahoma City, OK ",2010,13.5
"Philadelphia-Camden-Wilmington, PA-NJ-DE-MD ",2010,11.6
"Phoenix-Mesa-Glendale, AZ ",2010,9.8
"Pittsburgh, PA ",2010,14.3
"Portland-South Portland-Biddeford, ME ",2010,11.8
"Portland-Vancouver-Hillsboro, OR-WA ",2010,11.6
"Providence-New Bedford-Fall River, RI-MA ",2010,13.6
"Raleigh-Cary, NC ",2010,8.7
"Richmond, VA ",2010,11.4
"Riverside-San Bernardino-Ontario, CA ",2010,10.3
"Sacramento--Arden-Arcade--Roseville, CA ",2010,12.6
"St. Louis, MO-IL ",2010,12.1
"Salt Lake City, UT ",2010,8.2
"San Antonio-New Braunfels, TX ",2010,12.9
"San Diego-Carlsbad-San Marcos, CA ",2010,9.1
"San Francisco-Oakland-Fremont, CA ",2010,9.1
"San Jose-Sunnyvale-Santa Clara, CA ",2010,8
"Seattle-Tacoma-Bellevue, WA ",2010,10.2
"Tampa-St. Petersburg-Clearwater, FL ",2010,13.3
"Virginia Beach-Norfolk-Newport News, VA-NC ",2010,11
"Washington-Arlington-Alexandria, DC-VA-MD-WV ",2010,7.5
"Atlanta-Sandy Springs-Marietta, GA ",2011,9.8
"Augusta-Richmond County, GA-SC ",2011,14.2
"Austin-Round Rock-San Marcos, TX ",2011,8.8
"Baltimore-Towson, MD ",2011,11.1
"Birmingham-Hoover, AL ",2011,14.7
"Boston-Cambridge-Quincy, MA-NH ",2011,10.3
"Buffalo-Niagara Falls, NY ",2011,13.2
"Charlotte-Gastonia-Rock Hill, NC-SC ",2011,9.9
"Charlottesville, VA ",2011,10.7
"Chicago-Joliet-Naperville, IL-IN-WI ",2011,9.7
"Cincinnati-Middletown, OH-KY-IN ",2011,12.3
"Cleveland, TN ",2011,19.8
"Cleveland-Elyria-Mentor, OH ",2011,12.9
"Columbus, GA-AL ",2011,18.3
"Columbus, IN ",2011,12.1
"Columbus, OH ",2011,11.8
"Dallas-Fort Worth-Arlington, TX ",2011,9.2
"Denver-Aurora-Broomfield, CO ",2011,9.3
"Detroit-Warren-Livonia, MI ",2011,13.7
"Fresno, CA ",2011,11.6
"Houston-Sugar Land-Baytown, TX ",2011,9.5
"Indianapolis-Carmel, IN ",2011,11.4
"Jacksonville, FL ",2011,12.3
"Jacksonville, NC ",2011,13.4
"Kansas City, MO-KS ",2011,11.4
"Las Vegas-Paradise, NV ",2011,10.7
"Los Angeles-Long Beach-Santa Ana, CA ",2011,9
"Louisville/Jefferson County, KY-IN ",2011,14.1
"Memphis, TN-MS-AR ",2011,12.9
"Miami-Fort Lauderdale-Pompano Beach, FL ",2011,10.9
"Milwaukee-Waukesha-West Allis, WI ",2011,11.6
"Minneapolis-St. Paul-Bloomington, MN-WI ",2011,8.9
"Nashville-Davidson--Murfreesboro--Franklin, TN ",2011,11.1
"New York-Northern New Jersey-Long Island, NY-NJ-PA ",2011,9.6
"Oklahoma City, OK ",2011,13.2
"Philadelphia-Camden-Wilmington, PA-NJ-DE-MD ",2011,11.7
"Phoenix-Mesa-Glendale, AZ ",2011,10.1
"Pittsburgh, PA ",2011,14.3
"Portland-South Portland-Biddeford, ME ",2011,12.8
"Portland-Vancouver-Hillsboro, OR-WA ",2011,11.5
"Providence-New Bedford-Fall River, RI-MA ",2011,12.6
"Raleigh-Cary, NC ",2011,8.2
"Richmond, VA ",2011,12.1
"Riverside-San Bernardino-Ontario, CA ",2011,10.9
"Sacramento--Arden-Arcade--Roseville, CA ",2011,11.9
"St. Louis, MO-IL ",2011,11.9
"Salt Lake City, UT ",2011,8.6
"San Antonio-New Braunfels, TX ",2011,13.6
"San Diego-Carlsbad-San Marcos, CA ",2011,9
"San Francisco-Oakland-Fremont, CA ",2011,9.3
"San Jose-Sunnyvale-Santa Clara, CA ",2011,7.7
"Seattle-Tacoma-Bellevue, WA ",2011,11
"Tampa-St. Petersburg-Clearwater, FL ",2011,14
"Virginia Beach-Norfolk-Newport News, VA-NC ",2011,10.7
"Washington-Arlington-Alexandria, DC-VA-MD-WV ",2011,7.9
"Atlanta-Sandy Springs-Marietta, GA ",2012,9.6
"Augusta-Richmond County, GA-SC ",2012,15.6
"Austin-Round Rock-San Marcos, TX ",2012,9.7
"Baltimore-Towson, MD ",2012,11
"Birmingham-Hoover, AL ",2012,14.6
"Boston-Cambridge-Quincy, MA-NH ",2012,10.5
"Buffalo-Niagara Falls, NY ",2012,12.8
"Charlotte-Gastonia-Rock Hill, NC-SC ",2012,9.9
"Charlottesville, VA ",2012,9.3
"Chicago-Joliet-Naperville, IL-IN-WI ",2012,9.9
"Cincinnati-Middletown, OH-KY-IN ",2012,11.8
"Cleveland, TN ",2012,18.3
"Cleveland-Elyria-Mentor, OH ",2012,13.6
"Columbus, GA-AL ",2012,19.1
"Columbus, IN ",2012,13.8
"Columbus, OH ",2012,11.6
"Dallas-Fort Worth-Arlington, TX ",2012,9.3
"Denver-Aurora-Broomfield, CO ",2012,9.2
"Detroit-Warren-Livonia, MI ",2012,13.8
"Fresno, CA ",2012,11.7
"Houston-Sugar Land-Baytown, TX ",2012,9.8
"Indianapolis-Carmel, IN ",2012,11.3
"Jacksonville, FL ",2012,12.9
"Jacksonville, NC ",2012,12.8
"Kansas City, MO-KS ",2012,11.8
"Las Vegas-Paradise, NV ",2012,11.8
"Los Angeles-Long Beach-Santa Ana, CA ",2012,9.2
"Louisville/Jefferson County, KY-IN ",2012,14.6
"Memphis, TN-MS-AR ",2012,12.5
"Miami-Fort Lauderdale-Pompano Beach, FL ",2012,10.6
"Milwaukee-Waukesha-West Allis, WI ",2012,11.7
"Minneapolis-St. Paul-Bloomington, MN-WI ",2012,9.1
"Nashville-Davidson--Murfreesboro--Franklin, TN ",2012,11.4
"New York-Northern New Jersey-Long Island, NY-NJ-PA ",2012,9.7
"Oklahoma City, OK ",2012,13.3
"Philadelphia-Camden-Wilmington, PA-NJ-DE-MD ",2012,12.2
"Phoenix-Mesa-Glendale, AZ ",2012,10.1
"Pittsburgh, PA ",2012,13.8
"Portland-South Portland-Biddeford, ME ",2012,13.6
"Portland-Vancouver-Hillsboro, OR-WA ",2012,11.8
"Providence-New Bedford-Fall River, RI-MA ",2012,13
"Raleigh-Cary, NC ",2012,8.5
"Richmond, VA ",2012,11.7
"Riverside-San Bernardino-Ontario, CA ",2012,10.8
"Sacramento--Arden-Arcade--Roseville, CA ",2012,12
"St. Louis, MO-IL ",2012,12.5
"Salt Lake City, UT ",2012,8.9
"San Antonio-New Braunfels, TX ",2012,12.9
"San Diego-Carlsbad-San Marcos, CA ",2012,9.6
"San Francisco-Oakland-Fremont, CA ",2012,9.3
"San Jose-Sunnyvale-Santa Clara, CA ",2012,7.8
"Seattle-Tacoma-Bellevue, WA ",2012,10.4
"Tampa-St. Petersburg-Clearwater, FL ",2012,14.2
"Virginia Beach-Norfolk-Newport News, VA-NC ",2012,10.6
"Washington-Arlington-Alexandria, DC-VA-MD-WV ",2012,7.8
"Anniston-Oxford-Jacksonville, AL ",2013,18.4
"Atlanta-Sandy Springs-Roswell, GA ",2013,10.2
"Augusta-Richmond County, GA-SC ",2013,14.6
"Austin-Round Rock, TX ",2013,10
"Baltimore-Columbia-Towson, MD ",2013,11.8
"Birmingham-Hoover, AL ",2013,15.4
"Boston-Cambridge-Newton, MA-NH ",2013,10.9
"Buffalo-Cheektowaga-Niagara Falls, NY ",2013,13.4
"Charlotte-Concord-Gastonia, NC-SC ",2013,11.4
"Charlottesville, VA ",2013,10.2
"Chicago-Naperville-Elgin, IL-IN-WI ",2013,10
"Cincinnati, OH-KY-IN ",2013,12.4
"Cleveland, TN ",2013,17.3
"Cleveland-Elyria, OH ",2013,13.6
"Columbus, GA-AL ",2013,19.4
"Columbus, IN ",2013,13.2
"Columbus, OH ",2013,12.1
"Dallas-Fort Worth-Arlington, TX ",2013,9.7
"Denver-Aurora-Lakewood, CO ",2013,9.4
"Detroit-Warren-Dearborn, MI ",2013,14.4
"Fresno, CA ",2013,12.8
"Houston-The Woodlands-Sugar Land, TX ",2013,9.7
"Indianapolis-Carmel-Anderson, IN ",2013,12.8
"Jacksonville, FL ",2013,13.1
"Jacksonville, NC ",2013,14.2
"Kansas City, MO-KS ",2013,11.6
"Las Vegas-Henderson-Paradise, NV ",2013,12.4
"Los Angeles-Long Beach-Anaheim, CA ",2013,9.6
"Louisville/Jefferson County, KY-IN ",2013,14.3
"Memphis, TN-MS-AR ",2013,13.6
"Miami-Fort Lauderdale-West Palm Beach, FL ",2013,11.2
"Milwaukee-Waukesha-West Allis, WI ",2013,12.2
"Minneapolis-St. Paul-Bloomington, MN-WI ",2013,9.6
"Nashville-Davidson--Murfreesboro--Franklin, TN ",2013,11.6
"New York-Newark-Jersey City, NY-NJ-PA ",2013,10
"Oklahoma City, OK ",2013,13.5
"Philadelphia-Camden-Wilmington, PA-NJ-DE-MD ",2013,12.3
"Phoenix-Mesa-Scottsdale, AZ ",2013,10.8
"Pittsburgh, PA ",2013,13.9
"Portland-South Portland, ME ",2013,12.6
"Portland-Vancouver-Hillsboro, OR-WA ",2013,12.5
"Providence-Warwick, RI-MA ",2013,13.3
"Raleigh, NC ",2013,9
"Richmond, VA ",2013,12.3
"Riverside-San Bernardino-Ontario, CA ",2013,11.2
"Sacramento--Roseville--Arden-Arcade, CA ",2013,12.5
"St. Louis, MO-IL ",2013,12.3
"Salt Lake City, UT ",2013,9.4
"San Antonio-New Braunfels, TX ",2013,13.5
"San Diego-Carlsbad, CA ",2013,9.8
"San Francisco-Oakland-Hayward, CA ",2013,10.1
"San Jose-Sunnyvale-Santa Clara, CA ",2013,7.7
"Seattle-Tacoma-Bellevue, WA ",2013,11.2
"Tampa-St. Petersburg-Clearwater, FL ",2013,13.6
"Virginia Beach-Norfolk-Newport News, VA-NC ",2013,11.4
"Washington-Arlington-Alexandria, DC-VA-MD-WV ",2013,8.2
"Anniston-Oxford-Jacksonville, AL ",2014,18.4
"Atlanta-Sandy Springs-Roswell, GA ",2014,10.2
"Augusta-Richmond County, GA-SC ",2014,14
"Austin-Round Rock, TX ",2014,8.9
"Baltimore-Columbia-Towson, MD ",2014,11.2
"Birmingham-Hoover, AL ",2014,15.5
"Boston-Cambridge-Newton, MA-NH ",2014,10.7
"Buffalo-Cheektowaga-Niagara Falls, NY ",2014,13.5
"Charlotte-Concord-Gastonia, NC-SC ",2014,11.7
"Charlottesville, VA ",2014,12.3
"Chicago-Naperville-Elgin, IL-IN-WI ",2014,10
"Cincinnati, OH-KY-IN ",2014,12.6
"Cleveland, TN ",2014,20.2
"Cleveland-Elyria, OH ",2014,14
"Columbus, GA-AL ",2014,16.4
"Columbus, IN ",2014,11.5
"Columbus, OH ",2014,11.7
"Dallas-Fort Worth-Arlington, TX ",2014,9.7
"Denver-Aurora-Lakewood, CO ",2014,9.6
"Detroit-Warren-Dearborn, MI ",2014,14.4
"Fresno, CA ",2014,13.1
"Houston-The Woodlands-Sugar Land, TX ",2014,9.7
"Indianapolis-Carmel-Anderson, IN ",2014,12.9
"Jacksonville, FL ",2014,13.6
"Jacksonville, NC ",2014,16.5
"Kansas City, MO-KS ",2014,12.8
"Las Vegas-Henderson-Paradise, NV ",2014,12.8
"Los Angeles-Long Beach-Anaheim, CA ",2014,9.5
"Louisville/Jefferson County, KY-IN ",2014,14.7
"Memphis, TN-MS-AR ",2014,13.1
"Miami-Fort Lauderdale-West Palm Beach, FL ",2014,11.2
"Milwaukee-Waukesha-West Allis, WI ",2014,11.9
"Minneapolis-St. Paul-Bloomington, MN-WI ",2014,9.8
"Nashville-Davidson--Murfreesboro--Franklin, TN ",2014,12.3
"New York-Newark-Jersey City, NY-NJ-PA ",2014,10.2
"Oklahoma City, OK ",2014,14.1
"Philadelphia-Camden-Wilmington, PA-NJ-DE-MD ",2014,12.2
"Phoenix-Mesa-Scottsdale, AZ ",2014,11.2
"Pittsburgh, PA ",2014,14
"Portland-South Portland, ME ",2014,12.8
"Portland-Vancouver-Hillsboro, OR-WA ",2014,12.7
"Providence-Warwick, RI-MA ",2014,14
"Raleigh, NC ",2014,9.6
"Richmond, VA ",2014,11.7
"Riverside-San Bernardino-Ontario, CA ",2014,11
"Sacramento--Roseville--Arden-Arcade, CA ",2014,12.7
"St. Louis, MO-IL ",2014,12.5
"Salt Lake City, UT ",2014,9.2
"San Antonio-New Braunfels, TX ",2014,13.8
"San Diego-Carlsbad, CA ",2014,9.7
"San Francisco-Oakland-Hayward, CA ",2014,9.9
"San Jose-Sunnyvale-Santa Clara, CA ",2014,7.7
"Seattle-Tacoma-Bellevue, WA ",2014,11.1
"Tampa-St. Petersburg-Clearwater, FL ",2014,13.8
"Virginia Beach-Norfolk-Newport News, VA-NC ",2014,11.8
"Washington-Arlington-Alexandria, DC-VA-MD-WV ",2014,8.5
"Anniston-Oxford-Jacksonville, AL ",2015,25.2
"Atlanta-Sandy Springs-Roswell, GA ",2015,9.8
"Augusta-Richmond County, GA-SC ",2015,14
"Austin-Round Rock, TX ",2015,8.9
"Baltimore-Columbia-Towson, MD ",2015,12
"Birmingham-Hoover, AL ",2015,15.1
"Boston-Cambridge-Newton, MA-NH ",2015,10.6
"Buffalo-Cheektowaga-Niagara Falls, NY ",2015,13.5
"Charlotte-Concord-Gastonia, NC-SC ",2015,11.2
"Charlottesville, VA ",2015,10.7
"Chicago-Naperville-Elgin, IL-IN-WI ",2015,9.7
"Cincinnati, OH-KY-IN ",2015,12.3
"Cleveland, TN ",2015,16.7
"Cleveland-Elyria, OH ",2015,14.4
"Columbus, GA-AL ",2015,18.3
"Columbus, IN ",2015,11.5
"Columbus, OH ",2015,11.8
"Dallas-Fort Worth-Arlington, TX ",2015,9.8
"Denver-Aurora-Lakewood, CO ",2015,8.9
"Detroit-Warren-Dearborn, MI ",2015,14.3
"Fresno, CA ",2015,13.2
"Houston-The Woodlands-Sugar Land, TX ",2015,9.5
"Indianapolis-Carmel-Anderson, IN ",2015,12.6
"Jacksonville, FL ",2015,14.2
"Jacksonville, NC ",2015,20.1
"Kansas City, MO-KS ",2015,12.6
"Las Vegas-Henderson-Paradise, NV ",2015,12.4
"Los Angeles-Long Beach-Anaheim, CA ",2015,9.5
"Louisville/Jefferson County, KY-IN ",2015,14.1
"Memphis, TN-MS-AR ",2015,12.6
"Miami-Fort Lauderdale-West Palm Beach, FL ",2015,10.9
"Milwaukee-Waukesha-West Allis, WI ",2015,12.2
"Minneapolis-St. Paul-Bloomington, MN-WI ",2015,10.1
"Nashville-Davidson--Murfreesboro--Franklin, TN ",2015,12.7
"New York-Newark-Jersey City, NY-NJ-PA ",2015,10
"Oklahoma City, OK ",2015,13.4
"Philadelphia-Camden-Wilmington, PA-NJ-DE-MD ",2015,12.6
"Phoenix-Mesa-Scottsdale, AZ ",2015,11.4
"Pittsburgh, PA ",2015,14.3
"Portland-South Portland, ME ",2015,12.8
"Portland-Vancouver-Hillsboro, OR-WA ",2015,12.7
"Providence-Warwick, RI-MA ",2015,13.7
"Raleigh, NC ",2015,9.9
"Richmond, VA ",2015,12.4
"Riverside-San Bernardino-Ontario, CA ",2015,10.9
"Sacramento--Roseville--Arden-Arcade, CA ",2015,11.9
"St. Louis, MO-IL ",2015,12.3
"Salt Lake City, UT ",2015,9.6
"San Antonio-New Braunfels, TX ",2015,13.7
"San Diego-Carlsbad, CA ",2015,10.1
"San Francisco-Oakland-Hayward, CA ",2015,10.1
"San Jose-Sunnyvale-Santa Clara, CA ",2015,8
"Seattle-Tacoma-Bellevue, WA ",2015,10.9
"Tampa-St. Petersburg-Clearwater, FL ",2015,14.1
"Virginia Beach-Norfolk-Newport News, VA-NC ",2015,12.4
"Washington-Arlington-Alexandria, DC-VA-MD-WV ",2015,8.5
"Anniston-Oxford-Jacksonville, AL ",2017,18.5
"Atlanta-Sandy Springs-Roswell, GA ",2017,10
"Augusta-Richmond County, GA-SC ",2017,14.7
"Austin-Round Rock, TX ",2017,8.9
"Baltimore-Columbia-Towson, MD ",2017,11.6
"Birmingham-Hoover, AL ",2017,16.4
"Boston-Cambridge-Newton, MA-NH ",2017,10.7
"Buffalo-Cheektowaga-Niagara Falls, NY ",2017,13.3
"Charlotte-Concord-Gastonia, NC-SC ",2017,10.3
"Charlottesville, VA ",2017,10.9
"Chicago-Naperville-Elgin, IL-IN-WI ",2017,9.9
"Cincinnati, OH-KY-IN ",2017,12.6
"Cleveland, TN ",2017,18.6
"Cleveland-Elyria, OH ",2017,14.5
"Columbus, GA-AL ",2017,17.1
"Columbus, IN ",2017,9.6
"Columbus, OH ",2017,11.9
"Dallas-Fort Worth-Arlington, TX ",2017,9.5
"Denver-Aurora-Lakewood, CO ",2017,9.6
"Detroit-Warren-Dearborn, MI ",2017,13.7
"Fresno, CA ",2017,14.6
"Houston-The Woodlands-Sugar Land, TX ",2017,9.2
"Indianapolis-Carmel-Anderson, IN ",2017,12.4
"Jacksonville, FL ",2017,13.5
"Jacksonville, NC ",2017,16.5
"Kansas City, MO-KS ",2017,12
"Las Vegas-Henderson-Paradise, NV ",2017,12
"Los Angeles-Long Beach-Anaheim, CA ",2017,9.5
"Louisville/Jefferson County, KY-IN ",2017,14.1
"Memphis, TN-MS-AR ",2017,13
"Miami-Fort Lauderdale-West Palm Beach, FL ",2017,10.9
"Milwaukee-Waukesha-West Allis, WI ",2017,11
"Minneapolis-St. Paul-Bloomington, MN-WI ",2017,10.1
"Nashville-Davidson--Murfreesboro--Franklin, TN ",2017,12
"New York-Newark-Jersey City, NY-NJ-PA ",2017,10.1
"Oklahoma City, OK ",2017,14.2
"Philadelphia-Camden-Wilmington, PA-NJ-DE-MD ",2017,12.3
"Phoenix-Mesa-Scottsdale, AZ ",2017,11.5
"Pittsburgh, PA ",2017,14.8
"Portland-South Portland, ME ",2017,13
"Portland-Vancouver-Hillsboro, OR-WA ",2017,11.8
"Providence-Warwick, RI-MA ",2017,13.5
"Raleigh, NC ",2017,9.9
"Richmond, VA ",2017,12.3
"Riverside-San Bernardino-Ontario, CA ",2017,11.6
"Sacramento--Roseville--Arden-Arcade, CA ",2017,11.5
"St. Louis, MO-IL ",2017,13.1
"Salt Lake City, UT ",2017,9.2
"San Antonio-New Braunfels, TX ",2017,14.6
"San Diego-Carlsbad, CA ",2017,9.6
"San Francisco-Oakland-Hayward, CA ",2017,9.7
"San Jose-Sunnyvale-Santa Clara, CA ",2017,8.2
"Seattle-Tacoma-Bellevue, WA ",2017,11.1
"Tampa-St. Petersburg-Clearwater, FL ",2017,14
"Virginia Beach-Norfolk-Newport News, VA-NC ",2017,14.3
"Washington-Arlington-Alexandria, DC-VA-MD-WV ",2017,9
"Anniston-Oxford-Jacksonville, AL ",2018,20.7
"Atlanta-Sandy Springs-Roswell, GA ",2018,9.9
"Augusta-Richmond County, GA-SC ",2018,14.5
"Austin-Round Rock, TX ",2018,9.3
"Baltimore-Columbia-Towson, MD ",2018,12.1
"Birmingham-Hoover, AL ",2018,14.9
"Boston-Cambridge-Newton, MA-NH ",2018,10.7
"Buffalo-Cheektowaga-Niagara Falls, NY ",2018,13.9
"Charlotte-Concord-Gastonia, NC-SC ",2018,10.1
"Charlottesville, VA ",2018,10.9
"Chicago-Naperville-Elgin, IL-IN-WI ",2018,9.9
"Cincinnati, OH-KY-IN ",2018,12.7
"Cleveland, TN ",2018,18
"Cleveland-Elyria, OH ",2018,13.8
"Columbus, GA-AL ",2018,18.9
"Columbus, IN ",2018,14.8
"Columbus, OH ",2018,12.1
"Dallas-Fort Worth-Arlington, TX ",2018,9.3
"Denver-Aurora-Lakewood, CO ",2018,9.6
"Detroit-Warren-Dearborn, MI ",2018,14
"Fresno, CA ",2018,13.1
"Houston-The Woodlands-Sugar Land, TX ",2018,9.3
"Indianapolis-Carmel-Anderson, IN ",2018,12
"Jacksonville, FL ",2018,13
"Jacksonville, NC ",2018,16.2
"Kansas City, MO-KS ",2018,12.1
"Las Vegas-Henderson-Paradise, NV ",2018,12.2
"Los Angeles-Long Beach-Anaheim, CA ",2018,9.5
"Louisville/Jefferson County, KY-IN ",2018,13.7
"Memphis, TN-MS-AR ",2018,13.4
"Miami-Fort Lauderdale-West Palm Beach, FL ",2018,10.9
"Milwaukee-Waukesha-West Allis, WI ",2018,11.3
"Minneapolis-St. Paul-Bloomington, MN-WI ",2018,9.9
"Nashville-Davidson--Murfreesboro--Franklin, TN ",2018,11.5
"New York-Newark-Jersey City, NY-NJ-PA ",2018,9.9
"Oklahoma City, OK ",2018,13.9
"Philadelphia-Camden-Wilmington, PA-NJ-DE-MD ",2018,12.9
"Phoenix-Mesa-Scottsdale, AZ ",2018,11.8
"Pittsburgh, PA ",2018,14.2
"Portland-South Portland, ME ",2018,12.8
"Portland-Vancouver-Hillsboro, OR-WA ",2018,11.3
"Providence-Warwick, RI-MA ",2018,14.4
"Raleigh, NC ",2018,9.3
"Richmond, VA ",2018,12.6
"Riverside-San Bernardino-Ontario, CA ",2018,10.8
"Sacramento--Roseville--Arden-Arcade, CA ",2018,10.9
"St. Louis, MO-IL ",2018,12.9
"Salt Lake City, UT ",2018,9.7
"San Antonio-New Braunfels, TX ",2018,14.3
"San Diego-Carlsbad, CA ",2018,9.8
"San Francisco-Oakland-Hayward, CA ",2018,9.4
"San Jose-Sunnyvale-Santa Clara, CA ",2018,8.1
"Seattle-Tacoma-Bellevue, WA ",2018,10.5
"Tampa-St. Petersburg-Clearwater, FL ",2018,13.7
"Virginia Beach-Norfolk-Newport News, VA-NC ",2018,13.3
"Washington-Arlington-Alexandria, DC-VA-MD-WV ",2018,8.8
"Atlanta-Sandy Springs-Alpharetta, GA ",2019,10.2
"Augusta-Richmond County, GA-SC ",2019,14.4
"Austin-Round Rock-Georgetown, TX ",2019,9.5
"Baltimore-Columbia-Towson, MD ",2019,12.3
"Birmingham-Hoover, AL ",2019,14.7
"Boston-Cambridge-Newton, MA-NH ",2019,10.7
"Buffalo-Cheektowaga, NY ",2019,13.3
"Charlotte-Concord-Gastonia, NC-SC ",2019,10.1
"Charlottesville, VA ",2019,10.4
"Chicago-Naperville-Elgin, IL-IN-WI ",2019,10.3
"Cincinnati, OH-KY-IN ",2019,12.2
"Cleveland, TN ",2019,19.3
"Cleveland-Elyria, OH ",2019,13.8
"Columbus, GA-AL ",2019,18.4
"Columbus, IN ",2019,16.8
"Columbus, OH ",2019,12.1
"Dallas-Fort Worth-Arlington, TX ",2019,9.5
"Denver-Aurora-Lakewood, CO ",2019,9.4
"Detroit-Warren-Dearborn, MI ",2019,13.8
"Fresno, CA ",2019,13.3
"Houston-The Woodlands-Sugar Land, TX ",2019,9.4
"Indianapolis-Carmel-Anderson, IN ",2019,12.1
"Jacksonville, FL ",2019,12.6
"Jacksonville, NC ",2019,16.6
"Kansas City, MO-KS ",2019,12.1
"Las Vegas-Henderson-Paradise, NV ",2019,12
"Los Angeles-Long Beach-Anaheim, CA ",2019,9.6
"Louisville/Jefferson County, KY-IN ",2019,14.4
"Memphis, TN-MS-AR ",2019,12.8
"Miami-Fort Lauderdale-Pompano Beach, FL ",2019,11.1
"Milwaukee-Waukesha, WI ",2019,10.8
"Minneapolis-St. Paul-Bloomington, MN-WI ",2019,10.1
"Nashville-Davidson--Murfreesboro--Franklin, TN ",2019,11.9
"New York-Newark-Jersey City, NY-NJ-PA ",2019,10
"Oklahoma City, OK ",2019,14.2
"Philadelphia-Camden-Wilmington, PA-NJ-DE-MD ",2019,13.2
"Phoenix-Mesa-Chandler, AZ ",2019,11.8
"Pittsburgh, PA ",2019,15
"Portland-South Portland, ME ",2019,13.8
"Portland-Vancouver-Hillsboro, OR-WA ",2019,12
"Providence-Warwick, RI-MA ",2019,13.1
"Raleigh-Cary, NC ",2019,9.5
"Richmond, VA ",2019,13.7
"Riverside-San Bernardino-Ontario, CA ",2019,11.7
"Sacramento-Roseville-Folsom, CA ",2019,11.8
"St. Louis, MO-IL ",2019,13.4
"Salt Lake City, UT ",2019,9.3
"San Antonio-New Braunfels, TX ",2019,14.2
"San Diego-Chula Vista-Carlsbad, CA ",2019,9.8
"San Francisco-Oakland-Berkeley, CA ",2019,9.3
"San Jose-Sunnyvale-Santa Clara, CA ",2019,8.3
"Seattle-Tacoma-Bellevue, WA ",2019,10.9
"Tampa-St. Petersburg-Clearwater, FL ",2019,14.4
"Virginia Beach-Norfolk-Newport News, VA-NC ",2019,13.1
"Washington-Arlington-Alexandria, DC-VA-MD-WV ",2019,8.8
"Atlanta-Sandy Springs-Alpharetta, GA ",2021,11
"Augusta-Richmond County, GA-SC ",2021,15.8
"Austin-Round Rock-Georgetown, TX ",2021,10.1
"Baltimore-Columbia-Towson, MD ",2021,12.1
"Birmingham-Hoover, AL ",2021,15.3
"Boston-Cambridge-Newton, MA-NH ",2021,10.4
"Buffalo-Cheektowaga, NY ",2021,14.2
"Charlotte-Concord-Gastonia, NC-SC ",2021,10.7
"Charlottesville, VA ",2021,10.3
"Chicago-Naperville-Elgin, IL-IN-WI ",2021,10.6
"Cincinnati, OH-KY-IN ",2021,13.1
"Cleveland, TN ",2021,19.2
"Cleveland-Elyria, OH ",2021,14.8
"Columbus, GA-AL ",2021,16.6
"Columbus, IN ",2021,11.2
"Columbus, OH ",2021,11.9
"Dallas-Fort Worth-Arlington, TX ",2021,10.2
"Denver-Aurora-Lakewood, CO ",2021,10.2
"Detroit-Warren-Dearborn, MI ",2021,13.4
"Fresno, CA ",2021,12.7
"Houston-The Woodlands-Sugar Land, TX ",2021,10.4
"Indianapolis-Carmel-Anderson, IN ",2021,12.6
"Jacksonville, FL ",2021,13
"Jacksonville, NC ",2021,18.5
"Kansas City, MO-KS ",2021,12.4
"Las Vegas-Henderson-Paradise, NV ",2021,12.5
"Los Angeles-Long Beach-Anaheim, CA ",2021,10.3
"Louisville/Jefferson County, KY-IN ",2021,14.3
"Memphis, TN-MS-AR ",2021,12.6
"Miami-Fort Lauderdale-Pompano Beach, FL ",2021,11.1
"Milwaukee-Waukesha, WI ",2021,11.6
"Minneapolis-St. Paul-Bloomington, MN-WI ",2021,10.5
"Nashville-Davidson--Murfreesboro--Franklin, TN ",2021,11.1
"New York-Newark-Jersey City, NY-NJ-PA ",2021,10.5
"Oklahoma City, OK ",2021,15.1
"Philadelphia-Camden-Wilmington, PA-NJ-DE-MD ",2021,12.8
"Phoenix-Mesa-Chandler, AZ ",2021,12.4
"Pittsburgh, PA ",2021,14.2
"Portland-South Portland, ME ",2021,12.6
"Portland-Vancouver-Hillsboro, OR-WA ",2021,13
"Providence-Warwick, RI-MA ",2021,13.9
"Raleigh-Cary, NC ",2021,10.5
"Richmond, VA ",2021,13.4
"Riverside-San Bernardino-Ontario, CA ",2021,11.6
"Sacramento-Roseville-Folsom, CA ",2021,11.8
"St. Louis, MO-IL ",2021,13.5
"Salt Lake City, UT ",2021,10.3
"San Antonio-New Braunfels, TX ",2021,15.1
"San Diego-Chula Vista-Carlsbad, CA ",2021,10.5
"San Francisco-Oakland-Berkeley, CA ",2021,10.6
"San Jose-Sunnyvale-Santa Clara, CA ",2021,9.1
"Seattle-Tacoma-Bellevue, WA ",2021,11
"Tampa-St. Petersburg-Clearwater, FL ",2021,14.1
"Virginia Beach-Norfolk-Newport News, VA-NC ",2021,13.8
"Washington-Arlington-Alexandria, DC-VA-MD-WV ",2021,9.3
"Atlanta-Sandy Springs-Alpharetta, GA ",2022,11.1
"Augusta-Richmond County, GA-SC ",2022,16.3
"Austin-Round Rock-Georgetown, TX ",2022,10.8
"Baltimore-Columbia-Towson, MD ",2022,12.6
"Birmingham-Hoover, AL ",2022,14.9
"Boston-Cambridge-Newton, MA-NH ",2022,11.3
"Buffalo-Cheektowaga, NY ",2022,13.7
"Charlotte-Concord-Gastonia, NC-SC ",2022,10.7
"Charlottesville, VA ",2022,10.2
"Chicago-Naperville-Elgin, IL-IN-WI ",2022,11.1
"Cincinnati, OH-KY-IN ",2022,13.3
"Cleveland, TN ",2022,17.6
"Cleveland-Elyria, OH ",2022,14.9
"Columbus, GA-AL ",2022,18.3
"Columbus, IN ",2022,15.7
"Columbus, OH ",2022,12.5
"Dallas-Fort Worth-Arlington, TX ",2022,10.4
"Denver-Aurora-Lakewood, CO ",2022,11.1
"Detroit-Warren-Dearborn, MI ",2022,14
"Fresno, CA ",2022,14.1
"Houston-The Woodlands-Sugar Land, TX ",2022,10.9
"Indianapolis-Carmel-Anderson, IN ",2022,13
"Jacksonville, FL ",2022,13.3
"Jacksonville, NC ",2022,15.1
"Kansas City, MO-KS ",2022,12.5
"Las Vegas-Henderson-Paradise, NV ",2022,13.9
"Los Angeles-Long Beach-Anaheim, CA ",2022,11.1
"Louisville/Jefferson County, KY-IN ",2022,14.1
"Memphis, TN-MS-AR ",2022,14.3
"Miami-Fort Lauderdale-Pompano Beach, FL ",2022,11.3
"Milwaukee-Waukesha, WI ",2022,12
"Minneapolis-St. Paul-Bloomington, MN-WI ",2022,10.5
"Nashville-Davidson--Murfreesboro--Franklin, TN ",2022,11.7
"New York-Newark-Jersey City, NY-NJ-PA ",2022,11.4
"Oklahoma City, OK ",2022,15.6
"Philadelphia-Camden-Wilmington, PA-NJ-DE-MD ",2022,13.7
"Phoenix-Mesa-Chandler, AZ ",2022,12.5
"Pittsburgh, PA ",2022,15.2
"Portland-South Portland, ME ",2022,13
"Portland-Vancouver-Hillsboro, OR-WA ",2022,13.5
"Providence-Warwick, RI-MA ",2022,13.7
"Raleigh-Cary, NC ",2022,10.2
"Richmond, VA ",2022,12.7
"Riverside-San Bernardino-Ontario, CA ",2022,11.8
"Sacramento-Roseville-Folsom, CA ",2022,12.9
"St. Louis, MO-IL ",2022,14
"Salt Lake City, UT ",2022,10.9
"San Antonio-New Braunfels, TX ",2022,14.8
"San Diego-Chula Vista-Carlsbad, CA ",2022,11.3
"San Francisco-Oakland-Berkeley, CA ",2022,11
"San Jose-Sunnyvale-Santa Clara, CA ",2022,9.3
"Seattle-Tacoma-Bellevue, WA ",2022,11.8
"Tampa-St. Petersburg-Clearwater, FL ",2022,14.5
"Virginia Beach-Norfolk-Newport News, VA-NC ",2022,14.4
"Washington-Arlington-Alexandria, DC-VA-MD-WV ",2022,9.5
